Job Names,Job Convert,Job Loading Result
0859586GBA_2.mdb,N/A,Success
1T11SBCB-C-B.mdb,N/A,Success
3332A10012_R2.mdb,O,Success
3332A10048_R2.mdb,O,Success
3332A10121_R2.mdb,O,Success
3332AJ0030_R2.mdb,O,Success
3332AJ0031_R2.mdb,N/A,Success
3332AJ0035_R2.mdb,O,Success
3332AJ0038_R2.mdb,N/A,Success
3332AJ0040_R2.mdb,O,Success
3332AJ0041_R2.mdb,O,Success
3332AJ0042_R2.mdb,O,Success
3332AJ0043_R2.mdb,O,Success
3332AJ0044_R2.mdb,O,Success
3332AJ0049_R2.mdb,O,Success
3332AJ0052_R2.mdb,O,Success
3332AJ0053_R2.mdb,N/A,Success
3338311239_R2.mdb,O,Success
3338311284_R2.mdb,O,Success
3338311285_R2.mdb,O,Success
3338311291_R2.mdb,O,Success
3338311301_R2.mdb,O,Success
3338311323_R2.mdb,O,Success
3338311324_R2.mdb,O,Success
3338311326_R2.mdb,O,Success
3338311327_R2.mdb,N/A,Success
3338312040_R2.mdb,O,Success
3338312112_R2.mdb,O,Success
3338312255_R2.mdb,O,Success
3338313034_R2.mdb,O,Success
3338313076_R2.mdb,O,Success
3338313192_R2.mdb,O,Success
3338313251_R2.mdb,O,Success
3338315080_R2.mdb,O,Success
3338316080_R2.mdb,O,Success
AT_S-ZFX50-LAB141P-01.mdb,N/A,Success
VW MIB 9 in A2C13005801 Bottom.mdb,N/A,Success
VW MIB 9 in A2C13005801 Top.mdb,N/A,Success
4525796_0501 TEST.mdb,N/A,Success
AG-1504041-A1.mdb,N/A,Success
SVL430A30-V0.1-WP.mdb,N/A,Success
SVL490A43-SH705-V0.2.mdb,N/A,Success
SVL490A43-V0.1-WS.mdb,N/A,Success
H07 MLB BOT.mdb,N/A,Success
180823 Alpha_Bottom_Test.mdb,O,Success
180823 Alpha_Bottom_Test_Ver 1.0.mdb,O,Success
180823 Alpha_TOP_Test.mdb,N/A,Success
180823 Beta_Bottom_Test.mdb,N/A,Success
180823 Beta_TOP_Test.mdb,N/A,Success
180823 Gamma_Bottom_Test.mdb,N/A,Success
180823 Gamma_TOP_Test.mdb,N/A,Success
Samsung_SPI_test02.mdb,N/A,Success
741987SD0A_SKYWORKS.mdb,N/A,Success
742223SD0A_SKYWORKS.mdb,N/A,Success
800756SD0A_SKYWORKS.mdb,N/A,Success
0851305SD0A_JEJU4.mdb,N/A,Success
309000120764B3 MOON-MLB.mdb,N/A,Success
309000120766T5-7-MOON-MLB.mdb,N/A,Success
309000319296R1T0  Greedo-R-FLEX - ²â½ºË® - ·Ö¿ò²âÊÔ.mdb,N/A,Success
309000319296R1T0  Greedo-R-FLEX - ²â½ºË®.mdb,N/A,Success
309000500379B7-Jupiter-R.mdb,N/A,Success
309000500379T10 Jupiter-R.mdb,N/A,Success
309000500379T11 Jupiter-Right.mdb,N/A,Success
742223GB0B_.mdb,N/A,Success
780514GB0A.mdb,N/A,Success
800689GB0A_F+_final_segmentation.mdb,N/A,Success
808508SD0A_JEDI_F.mdb,N/A,Success
ACFM-W223-AK_SL.mdb,N/A,Success
AFEM-8086-A.mdb,N/A,Success
BG_107_R_140.mdb,N/A,Fail
BG_107_R_140_original.mdb,N/A,Success
BSM-J260F$8DS_BM_QE1808OFA014-018_REV0.5.mdb,N/A,Success
BSM-J260F$8DS_TM_QE1808OFA077-081_REV0.5.mdb,N/A,Success
BSM-J410F$16DS_BM_QH1812OFA237-238_REV0.2.mdb,N/A,Success
BSM-J410F$16DS_TM_QH1812OFA257-260_REV0.2.mdb,N/A,Success
D241_RS.mdb,N/A,Success
OFF1652-F04305SD19090018.mdb,N/A,Success
OJP1155-B-A0.mdb,N/A,Success
SWB-E43 R03A TOP _201810-024 L1.mdb,O,Success
SWB-E43 R03A TOP _201810-024 L2.mdb,O,Success
SWB-E43 R03A TOP _201810-024 L2_Test.mdb,N/A,Success
TW61-D725-001.mdb,N/A,Success
TW61-D725-001_2 pad only_20191205.mdb,N/A,Success
TW61-D725-001_20PERCENT.mdb,N/A,Success
VIPER 2L #10-J63545.mdb,N/A,Success
VIPER 2XL #23-J64132_1.mdb,N/A,Success
XK06560_another_120um 90_v1.mdb,O,Success
